{"cameraMode":{"drawMode":0,"name":"Shaded","section":"Shading Mode"},"sceneLighting":true,"audioPlay":false,"sceneViewState":{"m_AlwaysRefresh":false,"showFog":true,"showSkybox":true,"showFlares":true,"showImageEffects":true,"showParticleSystems":true,"showVisualEffectGraphs":true,"m_FxEnabled":true},"in2DMode":false,"pivot":{"x":53.17769241333008,"y":2.080792188644409,"z":-13.806798934936524},"rotation":{"x":-0.07757087796926499,"y":0.09791035950183869,"z":-0.007420573849231005,"w":-0.9921663999557495},"size":0.7126092314720154,"orthographic":false}